Timestamp,User Count,Type,Name,Requests/s,Failures/s,50%,66%,75%,80%,90%,95%,98%,99%,99.9%,99.99%,100%,Total Request Count,Total Failure Count,Total Median Response Time,Total Average Response Time,Total Min Response Time,Total Max Response Time,Total Average Content Size
1791344947,0,,Aggregated,0.000000,0.000000,N/A,N/A,N/A,N/A,N/A,N/A,N/A,N/A,N/A,N/A,N/A,0,0,0,0.0,0,0,0
1791344948,5,,Aggregated,0.000000,0.000000,N/A,N/A,N/A,N/A,N/A,N/A,N/A,N/A,N/A,N/A,N/A,0,0,0,0.0,0,0,0
1791344949,10,,Aggregated,0.000000,0.000000,N/A,N/A,N/A,N/A,N/A,N/A,N/A,N/A,N/A,N/A,N/A,0,0,0,0.0,0,0,0
1791344950,10,,Aggregated,0.000000,0.000000,N/A,N/A,N/A,N/A,N/A,N/A,N/A,N/A,N/A,N/A,N/A,0,0,0,0.0,0,0,0
1791344951,10,POST,short,0.000000,0.000000,0,0,0,0,0,0,0,0,0,0,0,1,0,3437.1506000024965,3437.1506000024965,3437.1506000024965,3437.1506000024965,847.0
1791344951,10,,Aggregated,0.000000,0.000000,3400,3400,3400,3400,3400,3400,3400,3400,3400,3400,3400,1,0,3437.1506000024965,3437.1506000024965,3437.1506000024965,3437.1506000024965,847.0
1791344953,10,POST,short,0.000000,0.000000,4000,4000,4000,4000,4000,4000,4000,4000,4000,4000,4000,2,0,3437.1506000024965,3735.7311500018113,3437.1506000024965,4034.311700001126,885.5
1791344953,10,,Aggregated,0.000000,0.000000,4000,4000,4000,4000,4000,4000,4000,4000,4000,4000,4000,2,0,3437.1506000024965,3735.7311500018113,3437.1506000024965,4034.311700001126,885.5
1791344954,10,POST,long-rag,0.000000,0.000000,0,0,0,0,0,0,0,0,0,0,0,3,0,5329.4304000010015,5466.3992333371425,5329.4304000010015,5738.448500007507,1102.0
1791344954,10,POST,short,0.000000,0.000000,4000,4000,4400,4400,4400,4400,4400,4400,4400,4400,4400,3,0,4000,3965.9888333359654,3437.1506000024965,4426.504200004274,905.0
1791344954,10,,Aggregated,0.000000,0.000000,5300,5300,5300,5300,5700,5700,5700,5700,5700,5700,5700,6,0,4400,4716.194033336554,3437.1506000024965,5738.448500007507,1003.5
1791344955,10,POST,long-rag,0.000000,0.000000,5300,5300,5700,5700,5700,5700,5700,5700,5700,5700,5700,3,0,5329.4304000010015,5466.3992333371425,5329.4304000010015,5738.448500007507,1102.0
1791344955,10,POST,short,0.400000,0.000000,5900,5900,5900,5900,5900,5900,5900,5900,5900,5900,5900,6,0,4400,4943.386033335021,3437.1506000024965,5941.650799999479,915.8333333333334
1791344955,10,,Aggregated,0.400000,0.000000,5300,5700,5900,5900,5900,5900,5900,5900,5900,5900,5900,9,0,5300,5117.723766669062,3437.1506000024965,5941.650799999479,977.8888888888889
1791344956,10,POST,long-rag,0.000000,0.000000,5300,5300,5700,5700,5700,5700,5700,5700,5700,5700,5700,3,0,5329.4304000010015,5466.3992333371425,5329.4304000010015,5738.448500007507,1102.0
1791344956,10,POST,short,0.333333,0.000000,5900,5900,5900,5900,6200,6200,6200,6200,6200,6200,6200,8,0,4400,4711.22807500069,1809.949799993774,6219.558600001619,912.75
1791344956,10,,Aggregated,0.333333,0.000000,5300,5900,5900,5900,5900,6200,6200,6200,6200,6200,6200,11,0,5300,4917.183845456087,1809.949799993774,6219.558600001619,964.3636363636364
1791344957,10,POST,long-rag,0.428571,0.000000,5300,5300,5700,5700,5700,5700,5700,5700,5700,5700,5700,3,0,5329.4304000010015,5466.3992333371425,5329.4304000010015,5738.448500007507,1102.0
1791344957,10,POST,short,0.428571,0.000000,4000,5900,5900,5900,5900,6200,6200,6200,6200,6200,6200,11,0,4000,4262.128000000798,1809.949799993774,6219.558600001619,918.2727272727273
1791344957,10,,Aggregated,0.857143,0.000000,5300,5700,5900,5900,5900,6200,6200,6200,6200,6200,6200,14,0,4400,4520.186121430015,1809.949799993774,6219.558600001619,957.6428571428571
1791344958,10,POST,long-rag,0.375000,0.000000,5300,5300,5700,5700,5700,5700,5700,5700,5700,5700,5700,3,0,5329.4304000010015,5466.3992333371425,5329.4304000010015,5738.448500007507,1102.0
1791344958,10,POST,short,0.750000,0.000000,4000,4400,5900,5900,5900,6200,6200,6200,6200,6200,6200,12,0,3900,4164.868758334099,1809.949799993774,6219.558600001619,920.4166666666666
1791344958,10,,Aggregated,1.125000,0.000000,4400,5300,5900,5900,5900,6200,6200,6200,6200,6200,6200,15,0,4400,4425.174853334708,1809.949799993774,6219.558600001619,956.7333333333333
1791344959,10,POST,long-rag,0.333333,0.000000,5300,5300,5700,5700,5700,5700,5700,5700,5700,5700,5700,3,0,5329.4304000010015,5466.3992333371425,5329.4304000010015,5738.448500007507,1102.0
1791344959,10,POST,short,0.888889,0.000000,3900,4400,5900,5900,5900,6200,6200,6200,6200,6200,6200,13,0,3900,4073.365892308245,1809.949799993774,6219.558600001619,924.3076923076923
1791344959,10,,Aggregated,1.222222,0.000000,4400,5300,5900,5900,5900,6200,6200,6200,6200,6200,6200,16,0,4000,4334.559643751163,1809.949799993774,6219.558600001619,957.625
1791344960,10,POST,long-rag,0.300000,0.000000,5300,5300,5300,5300,5700,5700,5700,5700,5700,5700,5700,6,0,4700,4700.808250000894,3244.3480999936583,5738.448500007507,1078.1666666666667
1791344960,10,POST,short,1.100000,0.000000,3900,4400,5900,5900,5900,6200,6200,6200,6200,6200,6200,14,0,3500,4031.7326071433076,1809.949799993774,6219.558600001619,924.6428571428571
1791344960,10,,Aggregated,1.400000,0.000000,4400,5300,5700,5900,5900,6200,6200,6200,6200,6200,6200,20,0,3900,4232.4553000005835,1809.949799993774,6219.558600001619,970.7
1791344961,10,POST,long-rag,0.300000,0.000000,5300,5300,5300,5300,5700,5700,5700,5700,5700,5700,5700,6,0,4700,4700.808250000894,3244.3480999936583,5738.448500007507,1078.1666666666667
1791344961,10,POST,short,1.200000,0.000000,3900,4000,5900,5900,5900,6200,6200,6200,6200,6200,6200,16,0,3800,4019.505674999891,1809.949799993774,6219.558600001619,923.3125
1791344961,10,,Aggregated,1.500000,0.000000,4000,5300,5700,5900,5900,6200,6200,6200,6200,6200,6200,22,0,3900,4205.315468181983,1809.949799993774,6219.558600001619,965.5454545454545
1791344962,10,POST,long-rag,0.300000,0.000000,5300,5300,5300,5300,5700,5700,5700,5700,5700,5700,5700,6,0,4700,4700.808250000894,3244.3480999936583,5738.448500007507,1078.1666666666667
1791344962,10,POST,short,1.300000,0.000000,3800,4000,5900,5900,5900,6200,6200,6200,6200,6200,6200,18,0,3600,3972.5038166668837,1809.949799993774,6219.558600001619,927.5
1791344962,10,,Aggregated,1.600000,0.000000,3900,4700,5300,5700,5900,5900,6200,6200,6200,6200,6200,24,0,3900,4154.5799250003865,1809.949799993774,6219.558600001619,965.1666666666666
1791344963,10,POST,long-rag,0.600000,0.000000,4700,5300,5300,5300,5700,5700,5700,5700,5700,5700,5700,8,0,3900,4412.87420000117,3244.3480999936583,5738.448500007507,1044.0
1791344963,10,POST,short,1.400000,0.000000,3600,3900,4000,5900,5900,6200,6200,6200,6200,6200,6200,20,0,3600,3803.6175800007186,1809.949799993774,6219.558600001619,929.2
1791344963,10,,Aggregated,2.000000,0.000000,3600,3900,4000,4700,5900,5900,6200,6200,6200,6200,6200,28,0,3600,3977.6909000008477,1809.949799993774,6219.558600001619,962.0
1791344964,10,POST,long-rag,0.600000,0.000000,4700,5300,5300,5300,5700,5700,5700,5700,5700,5700,5700,8,0,3900,4412.87420000117,3244.3480999936583,5738.448500007507,1044.0
1791344964,10,POST,short,1.600000,0.000000,3100,3600,3800,3900,4000,6200,6200,6200,6200,6200,6200,21,0,3600,3768.608071428995,1809.949799993774,6219.558600001619,930.1428571428571
1791344964,10,,Aggregated,2.200000,0.000000,3500,3600,3900,3900,4700,6200,6200,6200,6200,6200,6200,29,0,3600,3946.336658621319,1809.949799993774,6219.558600001619,961.551724137931
1791344965,10,POST,long-rag,0.800000,0.000000,3900,4700,5300,5300,5700,5700,5700,5700,5700,5700,5700,9,0,3900,4327.54906666782,3244.3480999936583,5738.448500007507,1030.0
1791344965,10,POST,short,1.800000,0.000000,3100,3500,3600,3600,3900,4000,4000,4000,4000,4000,4000,24,0,3400,3633.4491250005763,1809.949799993774,6219.558600001619,930.7916666666666
1791344965,10,,Aggregated,2.600000,0.000000,3500,3600,3600,3800,3900,4000,4700,4700,4700,4700,4700,33,0,3600,3822.749109091643,1809.949799993774,6219.558600001619,957.8484848484849
1791344966,10,POST,long-rag,0.800000,0.000000,3600,3600,3900,3900,4700,4700,4700,4700,4700,4700,4700,9,0,3900,4327.54906666782,3244.3480999936583,5738.448500007507,1030.0
1791344966,10,POST,short,1.800000,0.000000,3100,3500,3600,3600,3800,4000,4000,4000,4000,4000,4000,27,0,3400,3554.496551852531,1809.949799993774,6219.558600001619,929.8888888888889
1791344966,10,,Aggregated,2.600000,0.000000,3500,3600,3600,3700,3900,4000,4700,4700,4700,4700,4700,36,0,3600,3747.7596805563535,1809.949799993774,6219.558600001619,954.9166666666666
1791344967,10,POST,long-rag,0.600000,0.000000,3600,3600,3900,3900,4700,4700,4700,4700,4700,4700,4700,10,0,3600,4160.099890001584,2653.0573000054574,5738.448500007507,1009.7
1791344967,10,POST,short,1.700000,0.000000,3000,3500,3600,3600,3800,4000,4000,4000,4000,4000,4000,29,0,3200,3472.6205551730877,1809.949799993774,6219.558600001619,930.448275862069
1791344967,10,,Aggregated,2.300000,0.000000,3200,3600,3600,3700,3900,4000,4700,4700,4700,4700,4700,39,0,3500,3648.897307693215,1809.949799993774,6219.558600001619,950.7692307692307
1791344968,10,POST,long-rag,0.600000,0.000000,3600,3900,4700,4700,4700,4700,4700,4700,4700,4700,4700,11,0,3900,4210.668627274572,2653.0573000054574,5738.448500007507,1020.5454545454545
1791344968,10,POST,short,1.900000,0.000000,2600,3500,3600,3600,3800,4000,4000,4000,4000,4000,4000,30,0,3100,3429.6867433343627,1809.949799993774,6219.558600001619,931.8666666666667
1791344968,10,,Aggregated,2.500000,0.000000,3200,3600,3600,3800,4000,4700,4700,4700,4700,4700,4700,41,0,3500,3639.218468293931,1809.949799993774,6219.558600001619,955.6585365853658
1791344969,10,POST,long-rag,0.600000,0.000000,3600,3900,4700,4700,4700,4700,4700,4700,4700,4700,4700,11,0,3900,4210.668627274572,2653.0573000054574,5738.448500007507,1020.5454545454545
1791344969,10,POST,short,1.900000,0.000000,2600,3200,3600,3600,3800,4000,4000,4000,4000,4000,4000,31,0,3100,3411.79010000093,1809.949799993774,6219.558600001619,930.6129032258065
1791344969,10,,Aggregated,2.500000,0.000000,3100,3600,3600,3600,3800,4000,4700,4700,4700,4700,4700,42,0,3500,3621.0201904773603,1809.949799993774,6219.558600001619,954.1666666666666
1791344970,10,POST,long-rag,0.700000,0.000000,3600,3600,4400,4400,4700,4700,4700,4700,4700,4700,4700,13,0,3900,4149.075453847987,2653.0573000054574,5738.448500007507,1028.5384615384614
1791344970,10,POST,short,1.800000,0.000000,2600,2900,3100,3200,3600,3700,3700,3700,3700,3700,3700,33,0,3100,3373.7703060614876,1809.949799993774,6219.558600001619,931.5757575757576
1791344970,10,,Aggregated,2.500000,0.000000,2900,3200,3600,3600,3700,4400,4700,4700,4700,4700,4700,46,0,3400,3592.8782826098463,1809.949799993774,6219.558600001619,958.9782608695652
1791344971,10,POST,long-rag,0.700000,0.000000,3600,3600,4400,4400,4700,4700,4700,4700,4700,4700,4700,13,0,3900,4149.075453847987,2653.0573000054574,5738.448500007507,1028.5384615384614
1791344971,10,POST,short,1.800000,0.000000,2600,2800,3100,3100,3600,3700,3700,3700,3700,3700,3700,34,0,3100,3379.3151470599696,1809.949799993774,6219.558600001619,933.0
1791344971,10,,Aggregated,2.500000,0.000000,2800,3200,3600,3600,3700,4400,4700,4700,4700,4700,4700,47,0,3500,3592.2275723417615,1809.949799993774,6219.558600001619,959.4255319148937
1791344972,10,POST,long-rag,0.800000,0.000000,3600,3600,4400,4400,4700,4700,4700,4700,4700,4700,4700,13,0,3900,4149.075453847987,2653.0573000054574,5738.448500007507,1028.5384615384614
1791344972,10,POST,short,1.800000,0.000000,2800,3100,3600,3600,4000,4200,4200,4200,4200,4200,4200,36,0,3100,3417.092950001259,1809.949799993774,6219.558600001619,933.4444444444445
1791344972,10,,Aggregated,2.600000,0.000000,2900,3200,3600,3700,4200,4400,4700,4700,4700,4700,4700,49,0,3500,3611.2923897973296,1809.949799993774,6219.558600001619,958.6734693877551
1791344973,10,POST,long-rag,0.700000,0.000000,4400,4400,4700,4700,4700,4700,4700,4700,4700,4700,4700,14,0,3900,4185.688285715254,2653.0573000054574,5738.448500007507,1035.857142857143
1791344973,10,POST,short,1.800000,0.000000,2800,3100,3400,3600,4000,4200,4200,4200,4200,4200,4200,39,0,3100,3392.836489744532,1809.949799993774,6219.558600001619,934.7435897435897
1791344973,10,,Aggregated,2.500000,0.000000,3100,3400,3700,4000,4400,4700,4700,4700,4700,4700,4700,53,0,3500,3602.2690396235907,1809.949799993774,6219.558600001619,961.4528301886793
1791344974,10,POST,long-rag,0.700000,0.000000,4400,4400,4700,4700,4700,4700,4700,4700,4700,4700,4700,14,0,3900,4185.688285715254,2653.0573000054574,5738.448500007507,1035.857142857143
1791344974,10,POST,short,1.800000,0.000000,2900,3200,3400,3600,4000,4200,4200,4200,4200,4200,4200,40,0,3100,3387.1203225007775,1809.949799993774,6219.558600001619,934.4
1791344974,10,,Aggregated,2.500000,0.000000,3200,3400,3700,4000,4400,4700,4700,4700,4700,4700,4700,54,0,3400,3594.1564611119384,1809.949799993774,6219.558600001619,960.7037037037037
1791344975,10,POST,long-rag,0.700000,0.000000,4400,4400,4700,4700,4700,4700,4700,4700,4700,4700,4700,15,0,3900,4045.4404133342905,2081.9702000007965,5738.448500007507,1021.9333333333333
1791344975,10,POST,short,1.800000,0.000000,3100,3400,3600,3700,4000,4200,4200,4200,4200,4200,4200,42,0,3200,3404.0267142862876,1809.949799993774,6219.558600001619,934.0952380952381
1791344975,10,,Aggregated,2.500000,0.000000,3200,3600,3900,4000,4400,4700,4700,4700,4700,4700,4700,57,0,3500,3572.8197929831304,1809.949799993774,6219.558600001619,957.2105263157895
1791344976,10,POST,long-rag,0.500000,0.000000,4000,4400,4700,4700,4700,4700,4700,4700,4700,4700,4700,16,0,3900,4041.8570062502113,2081.9702000007965,5738.448500007507,1028.0
1791344976,10,POST,short,1.800000,0.000000,2900,3400,3600,3600,4000,4200,4200,4200,4200,4200,4200,44,0,3100,3358.862877273416,1809.949799993774,6219.558600001619,934.3181818181819
1791344976,10,,Aggregated,2.300000,0.000000,3200,3600,4000,4000,4400,4700,4700,4700,4700,4700,4700,60,0,3400,3540.9946450005614,1809.949799993774,6219.558600001619,959.3
1791344977,10,POST,long-rag,0.600000,0.000000,4000,4400,4700,4700,4700,4700,4700,4700,4700,4700,4700,17,0,3900,4011.0269588236833,2081.9702000007965,5738.448500007507,1027.9411764705883
1791344977,10,POST,short,1.900000,0.000000,3200,3600,3600,3900,4000,4200,4200,4200,4200,4200,4200,44,0,3100,3358.862877273416,1809.949799993774,6219.558600001619,934.3181818181819
1791344977,10,,Aggregated,2.500000,0.000000,3400,3600,4000,4000,4400,4700,4700,4700,4700,4700,4700,61,0,3500,3540.6135229513593,1809.949799993774,6219.558600001619,960.4098360655738
1791344978,10,POST,long-rag,0.600000,0.000000,4000,4400,4700,4700,4700,4700,4700,4700,4700,4700,4700,17,0,3900,4011.0269588236833,2081.9702000007965,5738.448500007507,1027.9411764705883
1791344978,10,POST,short,1.900000,0.000000,3200,3500,3600,3600,4000,4200,4200,4200,4200,4200,4200,47,0,3200,3348.198208511136,1809.949799993774,6219.558600001619,936.2765957446809
1791344978,10,,Aggregated,2.500000,0.000000,3400,3600,3900,4000,4200,4400,4700,4700,4700,4700,4700,64,0,3400,3524.2620953129062,1809.949799993774,6219.558600001619,960.625
1791344979,10,POST,long-rag,0.700000,0.000000,4000,4400,4600,4600,4700,4700,4700,4700,4700,4700,4700,18,0,3900,4044.623538889735,2081.9702000007965,5738.448500007507,1035.6666666666667
1791344979,10,POST,short,1.700000,0.000000,3200,3500,3600,3900,4000,4200,4200,4200,4200,4200,4200,48,0,3200,3344.32650208358,1809.949799993774,6219.558600001619,936.2708333333334
1791344979,10,,Aggregated,2.400000,0.000000,3500,3600,4000,4000,4400,4600,4700,4700,4700,4700,4700,66,0,3400,3535.316603030713,1809.949799993774,6219.558600001619,963.3787878787879
1791344980,10,POST,long-rag,0.700000,0.000000,4000,4400,4600,4600,4700,4700,4700,4700,4700,4700,4700,18,0,3900,4044.623538889735,2081.9702000007965,5738.448500007507,1035.6666666666667
1791344980,10,POST,short,1.700000,0.000000,3200,3400,3600,3900,4000,4200,4200,4200,4200,4200,4200,49,0,3200,3332.4318163266776,1809.949799993774,6219.558600001619,935.9591836734694
1791344980,10,,Aggregated,2.400000,0.000000,3400,3600,4000,4000,4600,4700,4700,4700,4700,4700,4700,67,0,3400,3523.766905970484,1809.949799993774,6219.558600001619,962.7462686567164
1791344981,10,POST,long-rag,0.700000,0.000000,4600,4600,4600,4600,4700,4700,4700,4700,4700,4700,4700,19,0,4000,4072.2268000007666,2081.9702000007965,5738.448500007507,1042.421052631579
1791344981,10,POST,short,1.700000,0.000000,3200,3400,3600,3700,3700,3900,3900,3900,3900,3900,3900,51,0,3200,3345.3863372549176,1809.949799993774,6219.558600001619,935.5882352941177
1791344981,10,,Aggregated,2.400000,0.000000,3400,3600,3700,3900,4600,4600,4700,4700,4700,4700,4700,70,0,3500,3542.6716057145054,1809.949799993774,6219.558600001619,964.5857142857143
1791344982,10,POST,long-rag,0.700000,0.000000,4600,4600,4600,4600,4700,4700,4700,4700,4700,4700,4700,19,0,4000,4072.2268000007666,2081.9702000007965,5738.448500007507,1042.421052631579
1791344982,10,POST,short,1.700000,0.000000,3200,3600,3700,3700,3900,4700,4700,4700,4700,4700,4700,52,0,3200,3371.837842307566,1809.949799993774,6219.558600001619,936.1153846153846
1791344982,10,,Aggregated,2.400000,0.000000,3500,3700,4000,4600,4700,4700,4700,4700,4700,4700,4700,71,0,3500,3559.2658732395494,1809.949799993774,6219.558600001619,964.5633802816901
1791344983,10,POST,long-rag,0.600000,0.000000,4000,4600,4600,4600,4600,4600,4600,4600,4600,4600,4600,19,0,4000,4072.2268000007666,2081.9702000007965,5738.448500007507,1042.421052631579
1791344983,10,POST,short,1.700000,0.000000,3600,3700,3900,4700,4900,5000,5000,5000,5000,5000,5000,55,0,3200,3437.6717654543677,1809.949799993774,6219.558600001619,936.4545454545455
1791344983,10,,Aggregated,2.300000,0.000000,3700,3900,4600,4600,4900,5000,5000,5000,5000,5000,5000,74,0,3500,3600.5980581081726,1809.949799993774,6219.558600001619,963.6621621621622
1791344984,10,POST,long-rag,0.600000,0.000000,4600,4600,4600,4600,4600,4600,4600,4600,4600,4600,4600,19,0,4000,4072.2268000007666,2081.9702000007965,5738.448500007507,1042.421052631579
1791344984,10,POST,short,1.600000,0.000000,3700,3800,4700,4900,4900,5000,5000,5000,5000,5000,5000,56,0,3200,3464.037573213968,1809.949799993774,6219.558600001619,936.9107142857143
1791344984,10,,Aggregated,2.200000,0.000000,3700,4000,4600,4700,4900,5000,5000,5000,5000,5000,5000,75,0,3500,3618.11217733329,1809.949799993774,6219.558600001619,963.64
1791344985,10,POST,long-rag,0.600000,0.000000,4600,4600,6300,6300,6300,6300,6300,6300,6300,6300,6300,20,0,4000,4181.695160001254,2081.9702000007965,6261.594000010518,1046.8
1791344985,10,POST,short,1.600000,0.000000,3700,3800,4700,4700,4900,5000,5000,5000,5000,5000,5000,58,0,3400,3473.633724137346,1809.949799993774,6219.558600001619,937.8103448275862
1791344985,10,,Aggregated,2.200000,0.000000,3800,4600,4700,4900,5000,6300,6300,6300,6300,6300,6300,78,0,3600,3655.187938461425,1809.949799993774,6261.594000010518,965.7564102564103
1791344986,10,POST,long-rag,0.600000,0.000000,4600,4600,6300,6300,6300,6300,6300,6300,6300,6300,6300,20,0,4000,4181.695160001254,2081.9702000007965,6261.594000010518,1046.8
1791344986,10,POST,short,1.600000,0.000000,3800,4300,4500,4700,4900,5000,5000,5000,5000,5000,5000,61,0,3500,3513.9161967211994,1809.949799993774,6219.558600001619,938.8688524590164
1791344986,10,,Aggregated,2.200000,0.000000,4000,4600,4700,4900,5000,6300,6300,6300,6300,6300,6300,81,0,3600,3678.79989135825,1809.949799993774,6261.594000010518,965.5185185185185
1791344987,10,POST,long-rag,0.500000,0.000000,4600,4600,6300,6300,6300,6300,6300,6300,6300,6300,6300,21,0,4000,4148.903800001357,2081.9702000007965,6261.594000010518,1041.0
1791344987,10,POST,short,1.500000,0.000000,4000,4500,4700,4900,4900,5000,5000,5000,5000,5000,5000,61,0,3500,3513.9161967211994,1809.949799993774,6219.558600001619,938.8688524590164
1791344987,10,,Aggregated,2.000000,0.000000,4300,4600,4700,4900,5000,6300,6300,6300,6300,6300,6300,82,0,3600,3676.5349731709957,1809.949799993774,6261.594000010518,965.0243902439024
1791344988,10,POST,long-rag,0.400000,0.000000,4600,4600,6300,6300,6300,6300,6300,6300,6300,6300,6300,21,0,4000,4148.903800001357,2081.9702000007965,6261.594000010518,1041.0
1791344988,10,POST,short,1.700000,0.000000,4000,4300,4700,4700,4900,5000,5000,5000,5000,5000,5000,64,0,3400,3496.684543750007,1809.949799993774,6219.558600001619,939.234375
1791344988,10,,Aggregated,2.100000,0.000000,4000,4500,4700,4900,5000,6300,6300,6300,6300,6300,6300,85,0,3600,3657.8210658826933,1809.949799993774,6261.594000010518,964.3764705882353
1791344989,10,POST,long-rag,0.400000,0.000000,4600,4600,6300,6300,6300,6300,6300,6300,6300,6300,6300,21,0,4000,4148.903800001357,2081.9702000007965,6261.594000010518,1041.0
1791344989,10,POST,short,1.700000,0.000000,4000,4300,4700,4900,4900,5000,5000,5000,5000,5000,5000,64,0,3400,3496.684543750007,1809.949799993774,6219.558600001619,939.234375
1791344989,10,,Aggregated,2.100000,0.000000,4300,4500,4700,4900,5000,6300,6300,6300,6300,6300,6300,85,0,3600,3657.8210658826933,1809.949799993774,6261.594000010518,964.3764705882353
1791344990,10,POST,long-rag,0.400000,0.000000,5500,5500,6300,6300,6300,6300,6300,6300,6300,6300,6300,22,0,4000,4211.630436364926,2081.9702000007965,6261.594000010518,1044.2727272727273
1791344990,10,POST,short,1.600000,0.000000,4200,4300,4700,4700,4900,5000,5000,5000,5000,5000,5000,67,0,3500,3519.4267895521853,1809.949799993774,6219.558600001619,940.2388059701492
1791344990,10,,Aggregated,2.000000,0.000000,4200,4500,4900,4900,5500,6300,6300,6300,6300,6300,6300,89,0,3600,3690.533308989043,1809.949799993774,6261.594000010518,965.9550561797753
1791344991,10,POST,long-rag,0.300000,0.000000,5500,5500,6300,6300,6300,6300,6300,6300,6300,6300,6300,22,0,4000,4211.630436364926,2081.9702000007965,6261.594000010518,1044.2727272727273
1791344991,10,POST,short,1.600000,0.000000,4200,4300,4500,4800,4900,5000,5000,5000,5000,5000,5000,69,0,3600,3548.356182608573,1809.949799993774,6219.558600001619,940.3768115942029
1791344991,10,,Aggregated,1.900000,0.000000,4300,4500,4900,4900,5500,6300,6300,6300,6300,6300,6300,91,0,3600,3708.7082000002188,1809.949799993774,6261.594000010518,965.4945054945055
1791344992,10,POST,long-rag,0.300000,0.000000,5500,5500,6300,6300,6300,6300,6300,6300,6300,6300,6300,22,0,4000,4211.630436364926,2081.9702000007965,6261.594000010518,1044.2727272727273
1791344992,10,POST,short,1.600000,0.000000,4000,4300,4300,4300,4800,4900,4900,4900,4900,4900,4900,70,0,3600,3551.4805585713475,1809.949799993774,6219.558600001619,940.2
1791344992,10,,Aggregated,1.900000,0.000000,4000,4300,4500,4800,5500,6300,6300,6300,6300,6300,6300,92,0,3600,3709.342485869812,1809.949799993774,6261.594000010518,965.0869565217391
1791344993,10,POST,long-rag,0.300000,0.000000,5500,5500,6300,6300,6300,6300,6300,6300,6300,6300,6300,23,0,4400,4261.908482610243,2081.9702000007965,6261.594000010518,1047.1739130434783
1791344993,10,POST,short,1.600000,0.000000,4000,4300,4300,4300,4800,4900,4900,4900,4900,4900,4900,72,0,3600,3561.9662319442996,1809.949799993774,6219.558600001619,939.2083333333334
1791344993,10,,Aggregated,1.900000,0.000000,4200,4300,4500,4800,5400,5500,6300,6300,6300,6300,6300,95,0,3600,3731.425934737107,1809.949799993774,6261.594000010518,965.3473684210526
1791344994,10,POST,long-rag,0.300000,0.000000,5500,5500,6300,6300,6300,6300,6300,6300,6300,6300,6300,23,0,4400,4261.908482610243,2081.9702000007965,6261.594000010518,1047.1739130434783
1791344994,10,POST,short,1.600000,0.000000,4000,4200,4300,4300,4500,4800,4800,4800,4800,4800,4800,73,0,3600,3560.8895698628844,1809.949799993774,6219.558600001619,938.5753424657535
1791344994,10,,Aggregated,1.900000,0.000000,4200,4300,4300,4500,5400,5500,5500,5500,5500,5500,5500,96,0,3600,3728.842017708606,1809.949799993774,6261.594000010518,964.59375
1791344995,10,POST,long-rag,0.300000,0.000000,5400,5400,5500,5500,5500,5500,5500,5500,5500,5500,5500,24,0,4400,4270.574220834533,2081.9702000007965,6261.594000010518,1042.4583333333333
1791344995,10,POST,short,1.800000,0.000000,4000,4200,4300,4300,4500,4800,4800,4800,4800,4800,4800,75,0,3600,3571.339297333228,1809.949799993774,6219.558600001619,938.4533333333334
1791344995,10,,Aggregated,2.100000,0.000000,4200,4200,4300,4500,5400,5500,5500,5500,5500,5500,5500,99,0,3600,3740.850793939605,1809.949799993774,6261.594000010518,963.6666666666666
1791344996,10,POST,long-rag,0.300000,0.000000,5400,5400,5500,5500,5500,5500,5500,5500,5500,5500,5500,24,0,4400,4270.574220834533,2081.9702000007965,6261.594000010518,1042.4583333333333
1791344996,10,POST,short,1.800000,0.000000,3800,4200,4200,4300,4300,4800,4800,4800,4800,4800,4800,76,0,3600,3569.218030262977,1809.949799993774,6219.558600001619,938.4868421052631
1791344996,10,,Aggregated,2.100000,0.000000,4200,4200,4300,4500,5400,5500,5500,5500,5500,5500,5500,100,0,3600,3737.5435160001507,1809.949799993774,6261.594000010518,963.44
1791344997,10,POST,long-rag,0.300000,0.000000,5400,5400,5500,5500,5500,5500,5500,5500,5500,5500,5500,24,0,4400,4270.574220834533,2081.9702000007965,6261.594000010518,1042.4583333333333
1791344997,10,POST,short,1.600000,0.000000,3800,4000,4200,4200,4300,4800,4800,4800,4800,4800,4800,78,0,3600,3572.350165384332,1809.949799993774,6219.558600001619,938.6410256410256
1791344997,10,,Aggregated,1.900000,0.000000,4000,4200,4300,4500,5400,5500,5500,5500,5500,5500,5500,102,0,3600,3736.638178431438,1809.949799993774,6261.594000010518,963.0686274509804
1791344998,10,POST,long-rag,0.400000,0.000000,5400,5400,5500,5500,5500,5500,5500,5500,5500,5500,5500,25,0,4500,4314.787408001139,2081.9702000007965,6261.594000010518,1045.36
1791344998,10,POST,short,1.500000,0.000000,3800,4000,4200,4200,4300,4800,4800,4800,4800,4800,4800,79,0,3600,3574.153811392143,1809.949799993774,6219.558600001619,938.9367088607595
1791344998,10,,Aggregated,1.900000,0.000000,4000,4200,4500,4800,5400,5500,5500,5500,5500,5500,5500,104,0,3600,3752.1907336539207,1809.949799993774,6261.594000010518,964.5192307692307
1791344999,10,POST,long-rag,0.300000,0.000000,5400,5400,5500,5500,5500,5500,5500,5500,5500,5500,5500,25,0,4500,4314.787408001139,2081.9702000007965,6261.594000010518,1045.36
1791344999,10,POST,short,1.600000,0.000000,3800,4200,4300,4300,4600,4800,4800,4800,4800,4800,4800,81,0,3600,3595.160564197153,1809.949799993774,6219.558600001619,937.9135802469136
1791344999,10,,Aggregated,1.900000,0.000000,4200,4300,4500,4600,5400,5400,5400,5400,5400,5400,5400,106,0,3700,3764.8838764150737,1809.949799993774,6261.594000010518,963.2547169811321
1791345000,10,POST,long-rag,0.300000,0.000000,5400,5400,5400,5500,5500,5500,5500,5500,5500,5500,5500,26,0,4500,4333.513776924519,2081.9702000007965,6261.594000010518,1045.1923076923076
1791345000,10,POST,short,1.600000,0.000000,3700,4200,4300,4300,4600,4800,4800,4800,4800,4800,4800,82,0,3600,3595.0226841459657,1809.949799993774,6219.558600001619,937.0487804878048
1791345000,10,,Aggregated,1.900000,0.000000,4200,4300,4600,4800,5400,5400,5400,5400,5400,5400,5400,108,0,3700,3772.807576851914,1809.949799993774,6261.594000010518,963.0833333333334
1791345001,10,POST,long-rag,0.400000,0.000000,5400,5400,5400,5400,5400,5400,5400,5400,5400,5400,5400,26,0,4500,4333.513776924519,2081.9702000007965,6261.594000010518,1045.1923076923076
1791345001,10,POST,short,1.600000,0.000000,3700,3700,4200,4200,4300,4600,4600,4600,4600,4600,4600,83,0,3600,3595.459198794841,1809.949799993774,6219.558600001619,937.2168674698795
1791345001,10,,Aggregated,2.000000,0.000000,3700,4300,4500,4600,5400,5400,5400,5400,5400,5400,5400,109,0,3700,3771.5089146789846,1809.949799993774,6261.594000010518,962.9724770642201
1791345002,10,POST,long-rag,0.300000,0.000000,5400,5400,5400,6100,6100,6100,6100,6100,6100,6100,6100,27,0,4600,4400.302151852951,2081.9702000007965,6261.594000010518,1048.4444444444443
1791345002,10,POST,short,1.600000,0.000000,3700,3700,4200,4200,4300,4600,4600,4600,4600,4600,4600,84,0,3600,3596.256910713973,1809.949799993774,6219.558600001619,936.547619047619
1791345002,10,,Aggregated,1.900000,0.000000,3700,4500,4600,4800,5400,6100,6100,6100,6100,6100,6100,111,0,3700,3791.8354828829138,1809.949799993774,6261.594000010518,963.7657657657658
1791345003,10,POST,long-rag,0.400000,0.000000,5400,5400,6100,6100,6600,6600,6600,6600,6600,6600,6600,28,0,4600,4478.13997142969,2081.9702000007965,6579.761100001633,1050.9642857142858
1791345003,10,POST,short,1.500000,0.000000,3700,3700,4300,4300,4600,4600,4600,4600,4600,4600,4600,85,0,3600,3608.1596235290976,1809.949799993774,6219.558600001619,936.2705882352941
1791345003,10,,Aggregated,1.900000,0.000000,4200,4600,4600,4800,6100,6600,6600,6600,6600,6600,6600,113,0,3700,3823.72997522128,1809.949799993774,6579.761100001633,964.6902654867257
